"FullName","RelPath","Date"
"C:\Chat GPT Road Map\01 JS\index.html","01 JS\index.html","2025-09-28"
"C:\Chat GPT Road Map\01 JS\new.js","01 JS\new.js","2025-09-28"
"C:\Chat GPT Road Map\01 JS\script.js","01 JS\script.js","2025-09-28"
"C:\Chat GPT Road Map\01 Variables and Data types\datatype.js","01 Variables and Data types\datatype.js","2025-10-06"
"C:\Chat GPT Road Map\01 Variables and Data types\index.html","01 Variables and Data types\index.html","2025-10-06"
"C:\Chat GPT Road Map\01 Variables and Data types\practise.js","01 Variables and Data types\practise.js","2025-10-06"
"C:\Chat GPT Road Map\01 Variables and Data types\tempCodeRunnerFile.js","01 Variables and Data types\tempCodeRunnerFile.js","2025-10-06"
"C:\Chat GPT Road Map\01 Variables and Data types\varabils.js","01 Variables and Data types\varabils.js","2025-10-06"
"C:\Chat GPT Road Map\02 JS\datatypes.js","02 JS\datatypes.js","2025-09-28"
"C:\Chat GPT Road Map\02 JS\index.html","02 JS\index.html","2025-09-28"
"C:\Chat GPT Road Map\02 JS\script.js","02 JS\script.js","2025-09-28"
"C:\Chat GPT Road Map\03 JS\index.html","03 JS\index.html","2025-09-30"
"C:\Chat GPT Road Map\03 JS\operator.js","03 JS\operator.js","2025-10-01"
"C:\Chat GPT Road Map\03 JS\script.js","03 JS\script.js","2025-09-30"
"C:\Chat GPT Road Map\03 JS\node_modules\ansi-regex\index.js","03 JS\node_modules\ansi-regex\index.js","2025-09-30"
"C:\Chat GPT Road Map\03 JS\node_modules\prompt-sync\index.js","03 JS\node_modules\prompt-sync\index.js","2025-09-30"
"C:\Chat GPT Road Map\03 JS\node_modules\prompt-sync\test.js","03 JS\node_modules\prompt-sync\test.js","2025-09-30"
"C:\Chat GPT Road Map\03 JS\node_modules\strip-ansi\index.js","03 JS\node_modules\strip-ansi\index.js","2025-09-30"
"C:\Chat GPT Road Map\04 JS\loops.js","04 JS\loops.js","2025-10-01"
"C:\Chat GPT Road Map\05 JS\funtions.js","05 JS\funtions.js","2025-10-01"
"C:\Chat GPT Road Map\06 Calcutor\index.html","06 Calcutor\index.html","2025-10-01"
"C:\Chat GPT Road Map\06 Calcutor\script.js","06 Calcutor\script.js","2025-10-01"
"C:\Chat GPT Road Map\07 JS\strings.js","07 JS\strings.js","2025-10-02"
"C:\Chat GPT Road Map\07 JS\tempCodeRunnerFile.js","07 JS\tempCodeRunnerFile.js","2025-10-02"
"C:\Chat GPT Road Map\08 JS Array\array.js","08 JS Array\array.js","2025-10-03"
"C:\Chat GPT Road Map\08 JS Array\array_loops.js","08 JS Array\array_loops.js","2025-10-03"
"C:\Chat GPT Road Map\08 JS Array\index.html","08 JS Array\index.html","2025-10-03"
"C:\Chat GPT Road Map\08 JS Array\mfr.js","08 JS Array\mfr.js","2025-10-03"
"C:\Chat GPT Road Map\09 JS DOM\index.html","09 JS DOM\index.html","2025-10-04"
"C:\Chat GPT Road Map\by-date\2025-04-28\01 web\appu.jpeg","C:\Chat GPT Road Map\by-date\2025-04-28\01 web\appu.jpeg","2025-04-28"
"C:\Chat GPT Road Map\by-date\2025-04-28\01 web\index.html","C:\Chat GPT Road Map\by-date\2025-04-28\01 web\index.html","2025-04-28"
"C:\Chat GPT Road Map\by-date\2025-04-28\01 web\script.js","C:\Chat GPT Road Map\by-date\2025-04-28\01 web\script.js","2025-04-28"
"C:\Chat GPT Road Map\by-date\2025-04-28\01 web\style.css","C:\Chat GPT Road Map\by-date\2025-04-28\01 web\style.css","2025-04-28"
"C:\Chat GPT Road Map\by-date\2025-04-28\02 web\index.html","C:\Chat GPT Road Map\by-date\2025-04-28\02 web\index.html","2025-04-28"
"C:\Chat GPT Road Map\by-date\2025-04-28\02 web\script.js","C:\Chat GPT Road Map\by-date\2025-04-28\02 web\script.js","2025-04-28"
"C:\Chat GPT Road Map\by-date\2025-04-28\02 web\style.css","C:\Chat GPT Road Map\by-date\2025-04-28\02 web\style.css","2025-04-28"
"C:\Chat GPT Road Map\by-date\2025-04-28\03 web\index.html","C:\Chat GPT Road Map\by-date\2025-04-28\03 web\index.html","2025-04-28"
"C:\Chat GPT Road Map\by-date\2025-04-28\03 web\script.js","C:\Chat GPT Road Map\by-date\2025-04-28\03 web\script.js","2025-04-28"
"C:\Chat GPT Road Map\by-date\2025-04-28\03 web\style.css","C:\Chat GPT Road Map\by-date\2025-04-28\03 web\style.css","2025-04-28"
"C:\Chat GPT Road Map\by-date\2025-04-28\04 web\bookmark.html","C:\Chat GPT Road Map\by-date\2025-04-28\04 web\bookmark.html","2025-04-28"
"C:\Chat GPT Road Map\by-date\2025-04-28\04 web\index.html","C:\Chat GPT Road Map\by-date\2025-04-28\04 web\index.html","2025-04-28"
"C:\Chat GPT Road Map\by-date\2025-04-28\04 web\script.js","C:\Chat GPT Road Map\by-date\2025-04-28\04 web\script.js","2025-04-28"
"C:\Chat GPT Road Map\by-date\2025-04-28\04 web\style.css","C:\Chat GPT Road Map\by-date\2025-04-28\04 web\style.css","2025-04-28"
"C:\Chat GPT Road Map\by-date\2025-04-28\05 web\appu.jpeg","C:\Chat GPT Road Map\by-date\2025-04-28\05 web\appu.jpeg","2025-04-28"
"C:\Chat GPT Road Map\by-date\2025-04-28\05 web\index.html","C:\Chat GPT Road Map\by-date\2025-04-28\05 web\index.html","2025-04-28"
"C:\Chat GPT Road Map\by-date\2025-04-28\05 web\script.js","C:\Chat GPT Road Map\by-date\2025-04-28\05 web\script.js","2025-04-28"
"C:\Chat GPT Road Map\by-date\2025-04-28\05 web\style.css","C:\Chat GPT Road Map\by-date\2025-04-28\05 web\style.css","2025-04-28"
"C:\Chat GPT Road Map\by-date\2025-04-28\05 web\umesh.jpg","C:\Chat GPT Road Map\by-date\2025-04-28\05 web\umesh.jpg","2025-04-28"
"C:\Chat GPT Road Map\by-date\2025-04-28\06 web\index.html","C:\Chat GPT Road Map\by-date\2025-04-28\06 web\index.html","2025-04-28"
"C:\Chat GPT Road Map\by-date\2025-04-28\06 web\script.js","C:\Chat GPT Road Map\by-date\2025-04-28\06 web\script.js","2025-04-28"
"C:\Chat GPT Road Map\by-date\2025-04-28\06 web\style.css","C:\Chat GPT Road Map\by-date\2025-04-28\06 web\style.css","2025-04-28"
"C:\Chat GPT Road Map\by-date\2025-04-28\07 web\index.html","C:\Chat GPT Road Map\by-date\2025-04-28\07 web\index.html","2025-04-28"
"C:\Chat GPT Road Map\by-date\2025-04-28\07 web\script.js","C:\Chat GPT Road Map\by-date\2025-04-28\07 web\script.js","2025-04-28"
"C:\Chat GPT Road Map\by-date\2025-04-28\07 web\style.css","C:\Chat GPT Road Map\by-date\2025-04-28\07 web\style.css","2025-04-28"
"C:\Chat GPT Road Map\by-date\2025-04-28\08 web\index.html","C:\Chat GPT Road Map\by-date\2025-04-28\08 web\index.html","2025-04-28"
"C:\Chat GPT Road Map\by-date\2025-04-28\08 web\script.js","C:\Chat GPT Road Map\by-date\2025-04-28\08 web\script.js","2025-04-28"
"C:\Chat GPT Road Map\by-date\2025-04-28\08 web\style.css","C:\Chat GPT Road Map\by-date\2025-04-28\08 web\style.css","2025-04-28"
"C:\Chat GPT Road Map\by-date\2025-04-28\09 web\index.html","C:\Chat GPT Road Map\by-date\2025-04-28\09 web\index.html","2025-04-28"
"C:\Chat GPT Road Map\by-date\2025-04-28\09 web\script.js","C:\Chat GPT Road Map\by-date\2025-04-28\09 web\script.js","2025-04-28"
"C:\Chat GPT Road Map\by-date\2025-04-28\09 web\style.css","C:\Chat GPT Road Map\by-date\2025-04-28\09 web\style.css","2025-04-28"
"C:\Chat GPT Road Map\by-date\2025-04-28\09 web\.vscode\launch.json","C:\Chat GPT Road Map\by-date\2025-04-28\09 web\.vscode\launch.json","2025-04-28"
"C:\Chat GPT Road Map\by-date\2025-04-28\10 web\appu.mp3","C:\Chat GPT Road Map\by-date\2025-04-28\10 web\appu.mp3","2025-04-28"
"C:\Chat GPT Road Map\by-date\2025-04-28\10 web\img.svg","C:\Chat GPT Road Map\by-date\2025-04-28\10 web\img.svg","2025-04-28"
"C:\Chat GPT Road Map\by-date\2025-04-28\10 web\index.html","C:\Chat GPT Road Map\by-date\2025-04-28\10 web\index.html","2025-04-28"
"C:\Chat GPT Road Map\by-date\2025-04-28\10 web\name.mp4","C:\Chat GPT Road Map\by-date\2025-04-28\10 web\name.mp4","2025-04-28"
"C:\Chat GPT Road Map\by-date\2025-04-28\10 web\script.js","C:\Chat GPT Road Map\by-date\2025-04-28\10 web\script.js","2025-04-28"
"C:\Chat GPT Road Map\by-date\2025-04-28\10 web\style.css","C:\Chat GPT Road Map\by-date\2025-04-28\10 web\style.css","2025-04-28"
"C:\Chat GPT Road Map\by-date\2025-04-28\10 web\umesh.jpg","C:\Chat GPT Road Map\by-date\2025-04-28\10 web\umesh.jpg","2025-04-28"
"C:\Chat GPT Road Map\by-date\2025-04-28\10 web\.vscode\launch.json","C:\Chat GPT Road Map\by-date\2025-04-28\10 web\.vscode\launch.json","2025-04-28"
"C:\Chat GPT Road Map\by-date\2025-04-28\11 web\index.html","C:\Chat GPT Road Map\by-date\2025-04-28\11 web\index.html","2025-04-28"
"C:\Chat GPT Road Map\by-date\2025-04-28\11 web\script.js","C:\Chat GPT Road Map\by-date\2025-04-28\11 web\script.js","2025-04-28"
"C:\Chat GPT Road Map\by-date\2025-04-28\11 web\style.css","C:\Chat GPT Road Map\by-date\2025-04-28\11 web\style.css","2025-04-28"
"C:\Chat GPT Road Map\by-date\2025-04-28\12 web\appu.mp3","C:\Chat GPT Road Map\by-date\2025-04-28\12 web\appu.mp3","2025-04-28"
"C:\Chat GPT Road Map\by-date\2025-04-28\12 web\index.html","C:\Chat GPT Road Map\by-date\2025-04-28\12 web\index.html","2025-04-28"
"C:\Chat GPT Road Map\by-date\2025-04-28\12 web\name.mp4","C:\Chat GPT Road Map\by-date\2025-04-28\12 web\name.mp4","2025-04-28"
"C:\Chat GPT Road Map\by-date\2025-04-28\12 web\umesh.jpg","C:\Chat GPT Road Map\by-date\2025-04-28\12 web\umesh.jpg","2025-04-28"
"C:\Chat GPT Road Map\by-date\2025-04-28\12 web\.vscode\launch.json","C:\Chat GPT Road Map\by-date\2025-04-28\12 web\.vscode\launch.json","2025-04-28"
"C:\Chat GPT Road Map\by-date\2025-04-28\13 web\index.html","C:\Chat GPT Road Map\by-date\2025-04-28\13 web\index.html","2025-04-28"
"C:\Chat GPT Road Map\by-date\2025-04-28\13 web\style.css","C:\Chat GPT Road Map\by-date\2025-04-28\13 web\style.css","2025-04-28"
"C:\Chat GPT Road Map\by-date\2025-04-28\14 web\electronics.css","C:\Chat GPT Road Map\by-date\2025-04-28\14 web\electronics.css","2025-04-28"
"C:\Chat GPT Road Map\by-date\2025-04-28\14 web\electronics.html","C:\Chat GPT Road Map\by-date\2025-04-28\14 web\electronics.html","2025-04-28"
"C:\Chat GPT Road Map\by-date\2025-04-28\14 web\index.html","C:\Chat GPT Road Map\by-date\2025-04-28\14 web\index.html","2025-04-28"
"C:\Chat GPT Road Map\by-date\2025-04-28\14 web\script.js","C:\Chat GPT Road Map\by-date\2025-04-28\14 web\script.js","2025-04-28"
"C:\Chat GPT Road Map\by-date\2025-04-28\14 web\style.css","C:\Chat GPT Road Map\by-date\2025-04-28\14 web\style.css","2025-04-28"
"C:\Chat GPT Road Map\by-date\2025-04-28\15 web\index.html","C:\Chat GPT Road Map\by-date\2025-04-28\15 web\index.html","2025-04-28"
"C:\Chat GPT Road Map\by-date\2025-04-28\15 web\script.js","C:\Chat GPT Road Map\by-date\2025-04-28\15 web\script.js","2025-04-28"
"C:\Chat GPT Road Map\by-date\2025-04-28\15 web\style.css","C:\Chat GPT Road Map\by-date\2025-04-28\15 web\style.css","2025-04-28"
"C:\Chat GPT Road Map\by-date\2025-04-28\16 web\index.html","C:\Chat GPT Road Map\by-date\2025-04-28\16 web\index.html","2025-04-28"
"C:\Chat GPT Road Map\by-date\2025-04-28\16 web\script.js","C:\Chat GPT Road Map\by-date\2025-04-28\16 web\script.js","2025-04-28"
"C:\Chat GPT Road Map\by-date\2025-04-28\16 web\sytle.css","C:\Chat GPT Road Map\by-date\2025-04-28\16 web\sytle.css","2025-04-28"
"C:\Chat GPT Road Map\by-date\2025-04-28\17 web\index.html","C:\Chat GPT Road Map\by-date\2025-04-28\17 web\index.html","2025-04-28"
"C:\Chat GPT Road Map\by-date\2025-04-28\17 web\script.js","C:\Chat GPT Road Map\by-date\2025-04-28\17 web\script.js","2025-04-28"
"C:\Chat GPT Road Map\by-date\2025-04-28\17 web\style.css","C:\Chat GPT Road Map\by-date\2025-04-28\17 web\style.css","2025-04-28"
"C:\Chat GPT Road Map\by-date\2025-04-28\17 web\.vscode\launch.json","C:\Chat GPT Road Map\by-date\2025-04-28\17 web\.vscode\launch.json","2025-04-28"
"C:\Chat GPT Road Map\by-date\2025-04-28\18 web\index.html","C:\Chat GPT Road Map\by-date\2025-04-28\18 web\index.html","2025-04-28"
"C:\Chat GPT Road Map\by-date\2025-04-28\18 web\new.html","C:\Chat GPT Road Map\by-date\2025-04-28\18 web\new.html","2025-04-28"
"C:\Chat GPT Road Map\by-date\2025-04-28\18 web\style.css","C:\Chat GPT Road Map\by-date\2025-04-28\18 web\style.css","2025-04-28"
"C:\Chat GPT Road Map\by-date\2025-04-28\19 web\colrors.html","C:\Chat GPT Road Map\by-date\2025-04-28\19 web\colrors.html","2025-04-28"
"C:\Chat GPT Road Map\by-date\2025-04-28\19 web\index.html","C:\Chat GPT Road Map\by-date\2025-04-28\19 web\index.html","2025-04-28"
"C:\Chat GPT Road Map\by-date\2025-04-28\19 web\style.css","C:\Chat GPT Road Map\by-date\2025-04-28\19 web\style.css","2025-04-28"
"C:\Chat GPT Road Map\by-date\2025-04-28\20 web\index.html","C:\Chat GPT Road Map\by-date\2025-04-28\20 web\index.html","2025-04-28"
"C:\Chat GPT Road Map\by-date\2025-04-28\21 web\index.html","C:\Chat GPT Road Map\by-date\2025-04-28\21 web\index.html","2025-04-28"
"C:\Chat GPT Road Map\by-date\2025-04-28\22 web\index.html","C:\Chat GPT Road Map\by-date\2025-04-28\22 web\index.html","2025-04-28"
"C:\Chat GPT Road Map\by-date\2025-04-28\22 web\style.css","C:\Chat GPT Road Map\by-date\2025-04-28\22 web\style.css","2025-04-28"
"C:\Chat GPT Road Map\by-date\2025-04-28\23 web\index.html","C:\Chat GPT Road Map\by-date\2025-04-28\23 web\index.html","2025-04-28"
"C:\Chat GPT Road Map\by-date\2025-04-28\23 web\style.css","C:\Chat GPT Road Map\by-date\2025-04-28\23 web\style.css","2025-04-28"
"C:\Chat GPT Road Map\by-date\2025-04-28\24 web\index.html","C:\Chat GPT Road Map\by-date\2025-04-28\24 web\index.html","2025-04-28"
"C:\Chat GPT Road Map\by-date\2025-04-28\24 web\style.css","C:\Chat GPT Road Map\by-date\2025-04-28\24 web\style.css","2025-04-28"
"C:\Chat GPT Road Map\by-date\2025-04-28\25 web\index.html","C:\Chat GPT Road Map\by-date\2025-04-28\25 web\index.html","2025-04-28"
"C:\Chat GPT Road Map\by-date\2025-04-28\25 web\style.css","C:\Chat GPT Road Map\by-date\2025-04-28\25 web\style.css","2025-04-28"
"C:\Chat GPT Road Map\by-date\2025-04-28\26 web\index.html","C:\Chat GPT Road Map\by-date\2025-04-28\26 web\index.html","2025-04-28"
"C:\Chat GPT Road Map\by-date\2025-04-28\26 web\style.css","C:\Chat GPT Road Map\by-date\2025-04-28\26 web\style.css","2025-04-28"
"C:\Chat GPT Road Map\by-date\2025-04-28\27 web\index.html","C:\Chat GPT Road Map\by-date\2025-04-28\27 web\index.html","2025-04-28"
"C:\Chat GPT Road Map\by-date\2025-04-28\27 web\style.css","C:\Chat GPT Road Map\by-date\2025-04-28\27 web\style.css","2025-04-28"
"C:\Chat GPT Road Map\by-date\2025-04-28\28 web\01.c","C:\Chat GPT Road Map\by-date\2025-04-28\28 web\01.c","2025-04-28"
"C:\Chat GPT Road Map\by-date\2025-04-28\28 web\01.exe","C:\Chat GPT Road Map\by-date\2025-04-28\28 web\01.exe","2025-04-28"
"C:\Chat GPT Road Map\by-date\2025-04-28\28 web\index.html","C:\Chat GPT Road Map\by-date\2025-04-28\28 web\index.html","2025-04-28"
"C:\Chat GPT Road Map\by-date\2025-04-28\29 web\appu.jpeg","C:\Chat GPT Road Map\by-date\2025-04-28\29 web\appu.jpeg","2025-04-28"
"C:\Chat GPT Road Map\by-date\2025-04-28\29 web\index.html","C:\Chat GPT Road Map\by-date\2025-04-28\29 web\index.html","2025-04-28"
"C:\Chat GPT Road Map\by-date\2025-04-28\29 web\index2.html","C:\Chat GPT Road Map\by-date\2025-04-28\29 web\index2.html","2025-04-28"
"C:\Chat GPT Road Map\by-date\2025-04-28\29 web\my.html","C:\Chat GPT Road Map\by-date\2025-04-28\29 web\my.html","2025-04-28"
"C:\Chat GPT Road Map\by-date\2025-04-28\30 web\index.html","C:\Chat GPT Road Map\by-date\2025-04-28\30 web\index.html","2025-04-28"
"C:\Chat GPT Road Map\by-date\2025-04-28\31 web\index.html","C:\Chat GPT Road Map\by-date\2025-04-28\31 web\index.html","2025-04-28"
"C:\Chat GPT Road Map\by-date\2025-04-28\32 web\01.c","C:\Chat GPT Road Map\by-date\2025-04-28\32 web\01.c","2025-04-28"
"C:\Chat GPT Road Map\by-date\2025-04-28\32 web\01.exe","C:\Chat GPT Road Map\by-date\2025-04-28\32 web\01.exe","2025-04-28"
"C:\Chat GPT Road Map\by-date\2025-04-28\32 web\index.html","C:\Chat GPT Road Map\by-date\2025-04-28\32 web\index.html","2025-04-28"
"C:\Chat GPT Road Map\by-date\2025-04-28\HTML\chapter 01\index.html","C:\Chat GPT Road Map\by-date\2025-04-28\HTML\chapter 01\index.html","2025-04-28"
"C:\Chat GPT Road Map\by-date\2025-04-28\HTML\chapter 01\practise.html","C:\Chat GPT Road Map\by-date\2025-04-28\HTML\chapter 01\practise.html","2025-04-28"
"C:\Chat GPT Road Map\by-date\2025-04-28\HTML\chapter 01\script.js","C:\Chat GPT Road Map\by-date\2025-04-28\HTML\chapter 01\script.js","2025-04-28"
"C:\Chat GPT Road Map\by-date\2025-04-28\HTML\chapter 01\style.css","C:\Chat GPT Road Map\by-date\2025-04-28\HTML\chapter 01\style.css","2025-04-28"
"C:\Chat GPT Road Map\by-date\2025-04-28\HTML\chapter 02\big small.html","C:\Chat GPT Road Map\by-date\2025-04-28\HTML\chapter 02\big small.html","2025-04-28"
"C:\Chat GPT Road Map\by-date\2025-04-28\HTML\chapter 02\index.html","C:\Chat GPT Road Map\by-date\2025-04-28\HTML\chapter 02\index.html","2025-04-28"
"C:\Chat GPT Road Map\by-date\2025-04-28\HTML\chapter 02\practise.html","C:\Chat GPT Road Map\by-date\2025-04-28\HTML\chapter 02\practise.html","2025-04-28"
"C:\Chat GPT Road Map\by-date\2025-04-28\HTML\chapter 03\index.html","C:\Chat GPT Road Map\by-date\2025-04-28\HTML\chapter 03\index.html","2025-04-28"
"C:\Chat GPT Road Map\by-date\2025-04-28\HTML\chapter 04\01.html","C:\Chat GPT Road Map\by-date\2025-04-28\HTML\chapter 04\01.html","2025-04-28"
"C:\Chat GPT Road Map\by-date\2025-04-28\HTML\chapter 04\02.html","C:\Chat GPT Road Map\by-date\2025-04-28\HTML\chapter 04\02.html","2025-04-28"
"C:\Chat GPT Road Map\by-date\2025-04-28\HTML\chapter 04\forms.html","C:\Chat GPT Road Map\by-date\2025-04-28\HTML\chapter 04\forms.html","2025-04-28"
"C:\Chat GPT Road Map\by-date\2025-04-28\HTML\chapter 04\index.html","C:\Chat GPT Road Map\by-date\2025-04-28\HTML\chapter 04\index.html","2025-04-28"
"C:\Chat GPT Road Map\by-date\2025-04-28\HTML\chapter 04\table.html","C:\Chat GPT Road Map\by-date\2025-04-28\HTML\chapter 04\table.html","2025-04-28"
"C:\Chat GPT Road Map\by-date\2025-04-28\HTML\Food Delivery\index.html","C:\Chat GPT Road Map\by-date\2025-04-28\HTML\Food Delivery\index.html","2025-04-28"
"C:\Chat GPT Road Map\by-date\2025-04-28\HTML\Persnal port folio\index.html","C:\Chat GPT Road Map\by-date\2025-04-28\HTML\Persnal port folio\index.html","2025-04-28"
"C:\Chat GPT Road Map\by-date\2025-04-28\HTML\Persnal port folio\script.js","C:\Chat GPT Road Map\by-date\2025-04-28\HTML\Persnal port folio\script.js","2025-04-28"
"C:\Chat GPT Road Map\by-date\2025-04-28\HTML\Persnal port folio\style.css","C:\Chat GPT Road Map\by-date\2025-04-28\HTML\Persnal port folio\style.css","2025-04-28"
"C:\Chat GPT Road Map\by-date\2025-04-28\I an E\appu.jpeg","C:\Chat GPT Road Map\by-date\2025-04-28\I an E\appu.jpeg","2025-04-28"
"C:\Chat GPT Road Map\by-date\2025-04-28\I an E\appu1.jpeg","C:\Chat GPT Road Map\by-date\2025-04-28\I an E\appu1.jpeg","2025-04-28"
"C:\Chat GPT Road Map\by-date\2025-04-28\I an E\index.html","C:\Chat GPT Road Map\by-date\2025-04-28\I an E\index.html","2025-04-28"
"C:\Chat GPT Road Map\by-date\2025-04-28\I an E\new.html","C:\Chat GPT Road Map\by-date\2025-04-28\I an E\new.html","2025-04-28"
"C:\Chat GPT Road Map\by-date\2025-04-28\I an E\realuai.html","C:\Chat GPT Road Map\by-date\2025-04-28\I an E\realuai.html","2025-04-28"
"C:\Chat GPT Road Map\by-date\2025-04-28\I an E\script.js","C:\Chat GPT Road Map\by-date\2025-04-28\I an E\script.js","2025-04-28"
"C:\Chat GPT Road Map\by-date\2025-04-28\I an E\style.css","C:\Chat GPT Road Map\by-date\2025-04-28\I an E\style.css","2025-04-28"
"C:\Chat GPT Road Map\by-date\2025-04-28\I an E\.vscode\launch.json","C:\Chat GPT Road Map\by-date\2025-04-28\I an E\.vscode\launch.json","2025-04-28"
"C:\Chat GPT Road Map\by-date\2025-04-28\ie\index.html","C:\Chat GPT Road Map\by-date\2025-04-28\ie\index.html","2025-04-28"
"C:\Chat GPT Road Map\by-date\2025-04-28\new\index.html","C:\Chat GPT Road Map\by-date\2025-04-28\new\index.html","2025-04-28"
"C:\Chat GPT Road Map\by-date\2025-04-28\new\script.js","C:\Chat GPT Road Map\by-date\2025-04-28\new\script.js","2025-04-28"
"C:\Chat GPT Road Map\by-date\2025-04-28\new\styles.css","C:\Chat GPT Road Map\by-date\2025-04-28\new\styles.css","2025-04-28"
"C:\Chat GPT Road Map\by-date\2025-04-28\Project 01\food.jpeg","C:\Chat GPT Road Map\by-date\2025-04-28\Project 01\food.jpeg","2025-04-28"
"C:\Chat GPT Road Map\by-date\2025-04-28\Project 01\index.html","C:\Chat GPT Road Map\by-date\2025-04-28\Project 01\index.html","2025-04-28"
"C:\Chat GPT Road Map\by-date\2025-04-28\Project 01\index3.html","C:\Chat GPT Road Map\by-date\2025-04-28\Project 01\index3.html","2025-04-28"
"C:\Chat GPT Road Map\by-date\2025-04-28\Project 01\script.js","C:\Chat GPT Road Map\by-date\2025-04-28\Project 01\script.js","2025-04-28"
"C:\Chat GPT Road Map\by-date\2025-04-28\Project 01\style.css","C:\Chat GPT Road Map\by-date\2025-04-28\Project 01\style.css","2025-04-28"
"C:\Chat GPT Road Map\by-date\2025-04-28\SK TRENDS\index.html","C:\Chat GPT Road Map\by-date\2025-04-28\SK TRENDS\index.html","2025-04-28"
"C:\Chat GPT Road Map\by-date\2025-04-28\SK TRENDS\script.js","C:\Chat GPT Road Map\by-date\2025-04-28\SK TRENDS\script.js","2025-04-28"
"C:\Chat GPT Road Map\by-date\2025-04-28\SK TRENDS\style.css","C:\Chat GPT Road Map\by-date\2025-04-28\SK TRENDS\style.css","2025-04-28"
"C:\Chat GPT Road Map\by-date\2025-04-28\SK TRENDS\.vscode\launch.json","C:\Chat GPT Road Map\by-date\2025-04-28\SK TRENDS\.vscode\launch.json","2025-04-28"
"C:\Chat GPT Road Map\by-date\2025-09-20\01 JS\index.html","C:\Chat GPT Road Map\by-date\2025-09-20\01 JS\index.html","2025-09-20"
"C:\Chat GPT Road Map\by-date\2025-09-20\01 JS\new.js","C:\Chat GPT Road Map\by-date\2025-09-20\01 JS\new.js","2025-09-20"
"C:\Chat GPT Road Map\by-date\2025-09-20\01 JS\script.js","C:\Chat GPT Road Map\by-date\2025-09-20\01 JS\script.js","2025-09-20"
"C:\Chat GPT Road Map\by-date\2025-09-20\01 JS\style.css","C:\Chat GPT Road Map\by-date\2025-09-20\01 JS\style.css","2025-09-20"
"C:\Chat GPT Road Map\by-date\2025-09-20\01 Mega Projecte\1.c","C:\Chat GPT Road Map\by-date\2025-09-20\01 Mega Projecte\1.c","2025-09-20"
"C:\Chat GPT Road Map\by-date\2025-09-20\01 Mega Projecte\1.exe","C:\Chat GPT Road Map\by-date\2025-09-20\01 Mega Projecte\1.exe","2025-09-20"
"C:\Chat GPT Road Map\by-date\2025-09-20\01 Mega Projecte\1.py","C:\Chat GPT Road Map\by-date\2025-09-20\01 Mega Projecte\1.py","2025-09-20"
"C:\Chat GPT Road Map\by-date\2025-09-20\01 Mega Projecte\a.exe","C:\Chat GPT Road Map\by-date\2025-09-20\01 Mega Projecte\a.exe","2025-09-20"
"C:\Chat GPT Road Map\by-date\2025-09-20\01 Mega Projecte\main.py","C:\Chat GPT Road Map\by-date\2025-09-20\01 Mega Projecte\main.py","2025-09-20"
"C:\Chat GPT Road Map\by-date\2025-09-20\01 Mega Projecte\musicLibaray.py","C:\Chat GPT Road Map\by-date\2025-09-20\01 Mega Projecte\musicLibaray.py","2025-09-20"
"C:\Chat GPT Road Map\by-date\2025-09-20\01 Mega Projecte\my.py","C:\Chat GPT Road Map\by-date\2025-09-20\01 Mega Projecte\my.py","2025-09-20"
"C:\Chat GPT Road Map\by-date\2025-09-20\01 Mega Projecte\photo.py","C:\Chat GPT Road Map\by-date\2025-09-20\01 Mega Projecte\photo.py","2025-09-20"
"C:\Chat GPT Road Map\by-date\2025-09-20\MY NEW ONE\about.html","C:\Chat GPT Road Map\by-date\2025-09-20\MY NEW ONE\about.html","2025-09-20"
"C:\Chat GPT Road Map\by-date\2025-09-20\MY NEW ONE\appu.jpg","C:\Chat GPT Road Map\by-date\2025-09-20\MY NEW ONE\appu.jpg","2025-09-20"
"C:\Chat GPT Road Map\by-date\2025-09-20\MY NEW ONE\index.html","C:\Chat GPT Road Map\by-date\2025-09-20\MY NEW ONE\index.html","2025-09-20"
"C:\Chat GPT Road Map\by-date\2025-09-20\MY NEW ONE\script.js","C:\Chat GPT Road Map\by-date\2025-09-20\MY NEW ONE\script.js","2025-09-20"
"C:\Chat GPT Road Map\by-date\2025-09-20\MY NEW ONE\style.css","C:\Chat GPT Road Map\by-date\2025-09-20\MY NEW ONE\style.css","2025-09-20"
"C:\Chat GPT Road Map\by-date\2025-09-20\MY NEW ONE\umesh.jpg","C:\Chat GPT Road Map\by-date\2025-09-20\MY NEW ONE\umesh.jpg","2025-09-20"
"C:\Chat GPT Road Map\by-date\2025-09-20\netflex by code with harry\index.html","C:\Chat GPT Road Map\by-date\2025-09-20\netflex by code with harry\index.html","2025-09-20"
"C:\Chat GPT Road Map\by-date\2025-09-20\netflex by code with harry\script.js","C:\Chat GPT Road Map\by-date\2025-09-20\netflex by code with harry\script.js","2025-09-20"
"C:\Chat GPT Road Map\by-date\2025-09-20\netflex by code with harry\style.css","C:\Chat GPT Road Map\by-date\2025-09-20\netflex by code with harry\style.css","2025-09-20"
"C:\Chat GPT Road Map\by-date\2025-09-20\NETFLEX CLONE\index.html","C:\Chat GPT Road Map\by-date\2025-09-20\NETFLEX CLONE\index.html","2025-09-20"
"C:\Chat GPT Road Map\by-date\2025-09-20\NETFLEX CLONE\script.js","C:\Chat GPT Road Map\by-date\2025-09-20\NETFLEX CLONE\script.js","2025-09-20"
"C:\Chat GPT Road Map\by-date\2025-09-20\NETFLEX CLONE\style.css","C:\Chat GPT Road Map\by-date\2025-09-20\NETFLEX CLONE\style.css","2025-09-20"
"C:\Chat GPT Road Map\by-date\2025-09-20\NETFLEX CLONE\imgs\log.svg","C:\Chat GPT Road Map\by-date\2025-09-20\NETFLEX CLONE\imgs\log.svg","2025-09-20"
"C:\Chat GPT Road Map\by-date\2025-09-20\New folder\index.html","C:\Chat GPT Road Map\by-date\2025-09-20\New folder\index.html","2025-09-20"
"C:\Chat GPT Road Map\by-date\2025-09-20\New folder\srcipt.js","C:\Chat GPT Road Map\by-date\2025-09-20\New folder\srcipt.js","2025-09-20"
"C:\Chat GPT Road Map\by-date\2025-09-20\New folder\style.css","C:\Chat GPT Road Map\by-date\2025-09-20\New folder\style.css","2025-09-20"
"C:\Chat GPT Road Map\by-date\2025-09-20\New folder\umesh.jpg","C:\Chat GPT Road Map\by-date\2025-09-20\New folder\umesh.jpg","2025-09-20"
"C:\Chat GPT Road Map\by-date\2025-09-20\Web site\index.html","C:\Chat GPT Road Map\by-date\2025-09-20\Web site\index.html","2025-09-20"
"C:\Chat GPT Road Map\by-date\2025-09-20\Web site\new.html","C:\Chat GPT Road Map\by-date\2025-09-20\Web site\new.html","2025-09-20"
"C:\Chat GPT Road Map\by-date\2025-09-20\Web site\py.py","C:\Chat GPT Road Map\by-date\2025-09-20\Web site\py.py","2025-09-20"
"C:\Chat GPT Road Map\by-date\2025-09-20\Web site\script.js","C:\Chat GPT Road Map\by-date\2025-09-20\Web site\script.js","2025-09-20"
"C:\Chat GPT Road Map\by-date\2025-09-20\Web site\style.css","C:\Chat GPT Road Map\by-date\2025-09-20\Web site\style.css","2025-09-20"
